rank,category,count,total_ms,avg_us,min_us,max_us,devices,short_name,full_name
1,cutlass_fp8_gemm,409050,158212.965843,386.781484,24.288,1052.564,0;1;2;3;4;5;6;7,device_kernel,"void cutlass::device_kernel<cutlass::gemm::kernel::GemmUniversal<cutlass::gemm::GroupProblemShape<cute::tuple<int, int, int>>, cutlass::gemm::collective::CollectiveMma<cutlass::gemm::MainloopSm100ArrayTmaUmmaWarpSpecializedBlockwiseScaling<(int)11, (int)1, (int)16, cute::tuple<cute::C<(int)2>, cute::C<(int)1>, cute::C<(int)1>>>, cute::tuple<cute::C<(int)256>, cute::C<(int)32>, cute::C<(int)128>>, cutlass::float_e4m3_t, cute::tuple<cute::tuple<long, cute::C<(int)1>, cute::C<(int)0>> *, cute::Layout<cute::tuple<cute::tuple<cute::C<(int)128>, int>, cute::tuple<cute::C<(int)128>, int>, int>, cute::tuple<cute::tuple<cute::C<(int)0>, int>, cute::tuple<cute::C<(int)0>, cute::C<(int)1>>, int>> *>, cutlass::float_e4m3_t, cute::tuple<cute::tuple<long, cute::C<(int)1>, cute::C<(int)0>> *, cute::Layout<cute::tuple<cute::tuple<cute::C<(int)1>, int>, cute::tuple<cute::C<(int)128>, int>, int>, cute::tuple<cute::tuple<cute::C<(int)0>, int>, cute::tuple<cute::C<(int)0>, cute::C<(int)1>>, int>> *>, cute::TiledMMA<cute::MMA_Atom<cute::MMA_Traits<cute::SM100_MMA_F8F6F4_2x1SM_SS, cutlass::float_e4m3_t, cutlass::float_e4m3_t, float, cute::C<(int)256>, cute::C<(int)32>, cute::integral_constant<cute::UMMA::Major, (cute::UMMA::Major)0>, cute::integral_constant<cute::UMMA::Major, (cute::UMMA::Major)0>, cute::integral_constant<cute::UMMA::ScaleIn, (cute::UMMA::ScaleIn)0>, cute::integral_constant<cute::UMMA::ScaleIn, (cute::UMMA::ScaleIn)0>>>, cute::Layout<cute::tuple<cute::C<(int)1>, cute::C<(int)1>, cute::C<(int)1>>, cute::tuple<cute::C<(int)0>, cute::C<(int)0>, cute::C<(int)0>>>, cute::tuple<cute::Underscore, cute::Underscore, cute::Underscore>>, cute::tuple<cute::SM100_TMA_2SM_LOAD, cute::TiledCopy<cute::Copy_Atom<cute::SM80_CP_ASYNC_CACHEALWAYS<float, float>, float>, cute::Layout<cute::tuple<cute::C<(int)32>, cute::C<(int)1>>, cute::tuple<cute::C<(int)1>, cute::C<(int)0>>>, cute::tuple<cute::C<(int)32>>>>, cute::ComposedLayout<cute::Swizzle<(int)3, (int)4, (int)3>, cute::smem_ptr_flag_bits<(int)8>, cute::Layout<cute::tuple<cute::C<(int)8>, cute::C<(int)128>>, cute::tuple<cute::C<(int)128>, cute::C<(int)1>>>>, void, cute::identity, cute::tuple<cute::SM100_TMA_2SM_LOAD, cute::TiledCopy<cute::Copy_Atom<cute::SM80_CP_ASYNC_CACHEALWAYS<float, float>, float>, cute::Layout<cute::tuple<cute::C<(int)32>, cute::C<(int)1>>, cute::tuple<cute::C<(int)1>, cute::C<(int)0>>>, cute::tuple<cute::C<(int)32>>>>, cute::ComposedLayout<cute::Swizzle<(int)3, (int)4, (int)3>, cute::smem_ptr_flag_bits<(int)8>, cute::Layout<cute::tuple<cute::C<(int)8>, cute::C<(int)128>>, cute::tuple<cute::C<(int)128>, cute::C<(int)1>>>>, void, cute::identity>, cutlass::epilogue::collective::CollectiveEpilogue<cutlass::epilogue::Sm100PtrArrayTmaWarpSpecialized<(int)1, (int)1, (int)32, (bool)0, (bool)0>, cute::tuple<cute::C<(int)128>, cute::C<(int)32>, cute::C<(int)128>>, cute::tuple<cute::Layout<cute::C<(int)128>, cute::C<(int)1>>, cute::Layout<cute::C<(int)32>, cute::C<(int)1>>>, void, cute::tuple<cute::C<(int)1>, long, cute::C<(int)0>> *, cutlass::bfloat16_t, cute::tuple<cute::C<(int)1>, long, cute::C<(int)0>> *, cutlass::epilogue::fusion::FusionCallbacks<cutlass::epilogue::Sm100PtrArrayTmaWarpSpecialized<(int)1, (int)1, (int)32, (bool)0, (bool)0>, cutlass::epilogue::fusion::LinearCombination<cutlass::bfloat16_t, float, void, float, (cutlass::FloatRoundStyle)2>, cute::tuple<cute::C<(int)128>, cute::C<(int)32>, cute::C<(int)128>>, cute::tuple<cute::Layout<cute::C<(int)128>, cute::C<(int)1>>, cute::Layout<cute::C<(int)32>, cute::C<(int)1>>>, >, cute::SM100::TMEM::LOAD::SM100_TMEM_LOAD_16dp256b4x, cute::SM90_TMA_LOAD, cute::ComposedLayout<cute::Swizzle<(int)3, (int)4, (int)3>, cute::smem_ptr_flag_bits<(int)16>, cute::Layout<cute::tuple<cute::C<(int)64>, cute::C<(int)8>>, cute::tuple<cute::C<(int)1>, cute::C<(int)64>>>>, cute::SM75_U16x8_LDSM_T, cute::SM90_TMA_STORE, cute::ComposedLayout<cute::Swizzle<(int)3, (int)4, (int)3>, cute::smem_ptr_flag_bits<(int)16>, cute::Layout<cute::tuple<cute::C<(int)64>, cute::C<(int)8>>, cute::tuple<cute::C<(int)1>, cute::C<(int)64>>>>, cute::SM90_U16x8_STSM_T, cute::AutoVectorizingCopyWithAssumedAlignment<(int)128>>, void, void>>(T1::Params)"
2,nccl_comm,143156,20049.785945,140.055505,5.088,1115815.491,0;1;2;3;4;5;6;7,ncclDevKernel_SendRecv,ncclDevKernel_SendRecv(ncclDevKernelArgsStorage<(unsigned long)4096>)
3,cutlass_fp8_gemm,214734,11509.352863,53.598186,48.127,978.04,0;1;2;3;4;5;6;7,_w8a8_block_fp8_matmul,_w8a8_block_fp8_matmul
4,cutlass_fp8_gemm,533868,11367.275151,21.292295,7.615,45.119,0;1;2;3;4;5;6;7,device_kernel,"void cutlass::device_kernel<cutlass::gemm::kernel::GemmUniversal<cute::tuple<int, int, int, int>, cutlass::gemm::collective::CollectiveMma<cutlass::gemm::MainloopSm100TmaUmmaWarpSpecializedBlockwiseScaling<(int)8, (int)9, (int)8, cute::tuple<cute::C<(int)1>, cute::C<(int)1>, cute::C<(int)1>>>, cute::tuple<cute::C<(int)64>, cute::C<(int)128>, cute::C<(int)128>>, cutlass::float_e4m3_t, cute::tuple<cute::tuple<long, cute::C<(int)1>, long>, cute::Layout<cute::tuple<cute::tuple<cute::C<(int)1>, int>, cute::tuple<cute::C<(int)128>, int>, int>, cute::tuple<cute::tuple<cute::C<(int)0>, cute::C<(int)1>>, cute::tuple<cute::C<(int)0>, int>, int>>>, cutlass::float_e4m3_t, cute::tuple<cute::tuple<long, cute::C<(int)1>, long>, cute::Layout<cute::tuple<cute::tuple<cute::C<(int)128>, int>, cute::tuple<cute::C<(int)128>, int>, int>, cute::tuple<cute::tuple<cute::C<(int)0>, int>, cute::tuple<cute::C<(int)0>, cute::C<(int)1>>, int>>>, cute::TiledMMA<cute::MMA_Atom<cute::MMA_Traits<cute::SM100_MMA_F8F6F4_SS, cutlass::float_e4m3_t, cutlass::float_e4m3_t, float, cute::C<(int)64>, cute::C<(int)128>, cute::integral_constant<cute::UMMA::Major, (cute::UMMA::Major)0>, cute::integral_constant<cute::UMMA::Major, (cute::UMMA::Major)0>, cute::integral_constant<cute::UMMA::ScaleIn, (cute::UMMA::ScaleIn)0>, cute::integral_constant<cute::UMMA::ScaleIn, (cute::UMMA::ScaleIn)0>>>, cute::Layout<cute::tuple<cute::C<(int)1>, cute::C<(int)1>, cute::C<(int)1>>, cute::tuple<cute::C<(int)0>, cute::C<(int)0>, cute::C<(int)0>>>, cute::tuple<cute::Underscore, cute::Underscore, cute::Underscore>>, cute::tuple<cute::SM90_TMA_LOAD, cute::TiledCopy<cute::Copy_Atom<cute::SM80_CP_ASYNC_CACHEALWAYS<unsigned long, unsigned long>, float>, cute::Layout<cute::tuple<cute::C<(int)32>, cute::C<(int)2>>, cute::tuple<cute::C<(int)2>, cute::C<(int)1>>>, cute::tuple<cute::C<(int)64>>>>, cute::ComposedLayout<cute::Swizzle<(int)3, (int)4, (int)3>, cute::smem_ptr_flag_bits<(int)8>, cute::Layout<cute::tuple<cute::C<(int)8>, cute::C<(int)128>>, cute::tuple<cute::C<(int)128>, cute::C<(int)1>>>>, void, cute::identity, cute::tuple<cute::SM90_TMA_LOAD, cute::TiledCopy<cute::Copy_Atom<cute::SM80_CP_ASYNC_CACHEALWAYS<float, float>, float>, cute::Layout<cute::tuple<cute::C<(int)32>, cute::C<(int)1>>, cute::tuple<cute::C<(int)1>, cute::C<(int)0>>>, cute::tuple<cute::C<(int)32>>>>, cute::ComposedLayout<cute::Swizzle<(int)3, (int)4, (int)3>, cute::smem_ptr_flag_bits<(int)8>, cute::Layout<cute::tuple<cute::C<(int)8>, cute::C<(int)128>>, cute::tuple<cute::C<(int)128>, cute::C<(int)1>>>>, void, cute::identity>, cutlass::epilogue::collective::CollectiveEpilogue<cutlass::epilogue::Sm100TmaWarpSpecialized<(int)2, (int)2, (int)32, (bool)0, (bool)1>, cute::tuple<cute::C<(int)64>, cute::C<(int)128>, cute::C<(int)128>>, cute::tuple<cute::C<(int)64>, cute::C<(int)64>>, void, cute::tuple<long, cute::C<(int)1>, long>, cutlass::bfloat16_t, cute::tuple<long, cute::C<(int)1>, long>, cutlass::epilogue::fusion::FusionCallbacks<cutlass::epilogue::Sm100TmaWarpSpecialized<(int)2, (int)2, (int)32, (bool)0, (bool)1>, cutlass::epilogue::fusion::LinearCombination<cutlass::bfloat16_t, float, void, float, (cutlass::FloatRoundStyle)2>, cute::tuple<cute::C<(int)64>, cute::C<(int)128>, cute::C<(int)128>>, cute::tuple<cute::C<(int)64>, cute::C<(int)64>>, >, cute::SM100::TMEM::LOAD::SM100_TMEM_LOAD_16dp256b8x, cute::SM90_TMA_LOAD, cute::ComposedLayout<cute::Swizzle<(int)3, (int)4, (int)3>, cute::smem_ptr_flag_bits<(int)16>, cute::Layout<cute::tuple<cute::C<(int)8>, cute::C<(int)64>>, cute::tuple<cute::C<(int)64>, cute::C<(int)1>>>>, cute::SM75_U32x4_LDSM_N, cute::SM90_TMA_STORE, cute::ComposedLayout<cute::Swizzle<(int)3, (int)4, (int)3>, cute::smem_ptr_flag_bits<(int)16>, cute::Layout<cute::tuple<cute::C<(int)8>, cute::C<(int)64>>, cute::tuple<cute::C<(int)64>, cute::C<(int)1>>>>, cute::SM90_U32x4_STSM_N, cute::AutoVectorizingCopyWithAssumedAlignment<(int)128>>, cutlass::gemm::PersistentScheduler, void>>(T1::Params)"
5,cutlass_fp8_gemm,3900,9954.242041,2552.369754,492.124,9662.927,0;1;2;3;4;5;6;7,device_kernel,"void cutlass::device_kernel<cutlass::gemm::kernel::GemmUniversal<cutlass::gemm::GroupProblemShape<cute::tuple<int, int, int>>, cutlass::gemm::collective::CollectiveMma<cutlass::gemm::MainloopSm100ArrayTmaUmmaWarpSpecializedBlockwiseScaling<(int)6, (int)1, (int)4, cute::tuple<cute::C<(int)1>, cute::C<(int)1>, cute::C<(int)1>>>, cute::tuple<cute::C<(int)128>, cute::C<(int)128>, cute::C<(int)128>>, cutlass::float_e4m3_t, cute::tuple<cute::tuple<long, cute::C<(int)1>, cute::C<(int)0>> *, cute::Layout<cute::tuple<cute::tuple<cute::C<(int)1>, int>, cute::tuple<cute::C<(int)128>, int>, int>, cute::tuple<cute::tuple<cute::C<(int)0>, int>, cute::tuple<cute::C<(int)0>, cute::C<(int)1>>, int>> *>, cutlass::float_e4m3_t, cute::tuple<cute::tuple<long, cute::C<(int)1>, cute::C<(int)0>> *, cute::Layout<cute::tuple<cute::tuple<cute::C<(int)128>, int>, cute::tuple<cute::C<(int)128>, int>, int>, cute::tuple<cute::tuple<cute::C<(int)0>, int>, cute::tuple<cute::C<(int)0>, cute::C<(int)1>>, int>> *>, cute::TiledMMA<cute::MMA_Atom<cute::MMA_Traits<cute::SM100_MMA_F8F6F4_SS, cutlass::float_e4m3_t, cutlass::float_e4m3_t, float, cute::C<(int)128>, cute::C<(int)128>, cute::integral_constant<cute::UMMA::Major, (cute::UMMA::Major)0>, cute::integral_constant<cute::UMMA::Major, (cute::UMMA::Major)0>, cute::integral_constant<cute::UMMA::ScaleIn, (cute::UMMA::ScaleIn)0>, cute::integral_constant<cute::UMMA::ScaleIn, (cute::UMMA::ScaleIn)0>>>, cute::Layout<cute::tuple<cute::C<(int)1>, cute::C<(int)1>, cute::C<(int)1>>, cute::tuple<cute::C<(int)0>, cute::C<(int)0>, cute::C<(int)0>>>, cute::tuple<cute::Underscore, cute::Underscore, cute::Underscore>>, cute::tuple<cute::SM90_TMA_LOAD, cute::TiledCopy<cute::Copy_Atom<cute::SM80_CP_ASYNC_CACHEALWAYS<float, float>, float>, cute::Layout<cute::tuple<cute::C<(int)32>, cute::C<(int)1>>, cute::tuple<cute::C<(int)1>, cute::C<(int)0>>>, cute::tuple<cute::C<(int)32>>>>, cute::ComposedLayout<cute::Swizzle<(int)3, (int)4, (int)3>, cute::smem_ptr_flag_bits<(int)8>, cute::Layout<cute::tuple<cute::C<(int)8>, cute::C<(int)128>>, cute::tuple<cute::C<(int)128>, cute::C<(int)1>>>>, void, cute::identity, cute::tuple<cute::SM90_TMA_LOAD, cute::TiledCopy<cute::Copy_Atom<cute::SM80_CP_ASYNC_CACHEALWAYS<float, float>, float>, cute::Layout<cute::tuple<cute::C<(int)32>, cute::C<(int)1>>, cute::tuple<cute::C<(int)1>, cute::C<(int)0>>>, cute::tuple<cute::C<(int)32>>>>, cute::ComposedLayout<cute::Swizzle<(int)3, (int)4, (int)3>, cute::smem_ptr_flag_bits<(int)8>, cute::Layout<cute::tuple<cute::C<(int)8>, cute::C<(int)128>>, cute::tuple<cute::C<(int)128>, cute::C<(int)1>>>>, void, cute::identity>, cutlass::epilogue::collective::CollectiveEpilogue<cutlass::epilogue::Sm100PtrArrayTmaWarpSpecialized<(int)4, (int)2, (int)32, (bool)0, (bool)0>, cute::tuple<cute::C<(int)128>, cute::C<(int)128>, cute::C<(int)128>>, cute::tuple<cute::Layout<cute::C<(int)128>, cute::C<(int)1>>, cute::Layout<cute::C<(int)32>, cute::C<(int)1>>>, void, cute::tuple<long, cute::C<(int)1>, cute::C<(int)0>> *, cutlass::bfloat16_t, cute::tuple<long, cute::C<(int)1>, cute::C<(int)0>> *, cutlass::epilogue::fusion::FusionCallbacks<cutlass::epilogue::Sm100PtrArrayTmaWarpSpecialized<(int)4, (int)2, (int)32, (bool)0, (bool)0>, cutlass::epilogue::fusion::LinearCombination<cutlass::bfloat16_t, float, void, float, (cutlass::FloatRoundStyle)2>, cute::tuple<cute::C<(int)128>, cute::C<(int)128>, cute::C<(int)128>>, cute::tuple<cute::Layout<cute::C<(int)128>, cute::C<(int)1>>, cute::Layout<cute::C<(int)32>, cute::C<(int)1>>>, >, cute::SM100::TMEM::LOAD::SM100_TMEM_LOAD_32dp32b32x, cute::SM90_TMA_LOAD, cute::ComposedLayout<cute::Swizzle<(int)2, (int)4, (int)3>, cute::smem_ptr_flag_bits<(int)16>, cute::Layout<cute::tuple<cute::C<(int)8>, cute::C<(int)32>>, cute::tuple<cute::C<(int)32>, cute::C<(int)1>>>>, cute::AutoVectorizingCopyWithAssumedAlignment<(int)128>, cute::SM90_TMA_STORE, cute::ComposedLayout<cute::Swizzle<(int)2, (int)4, (int)3>, cute::smem_ptr_flag_bits<(int)16>, cute::Layout<cute::tuple<cute::C<(int)8>, cute::C<(int)32>>, cute::tuple<cute::C<(int)32>, cute::C<(int)1>>>>, cute::AutoVectorizingCopyWithAssumedAlignment<(int)128>, cute::AutoVectorizingCopyWithAssumedAlignment<(int)128>>, void, void>>(T1::Params)"
6,flash_attention,43758,5854.901205,133.801847,34.656,4310.975,0;1;2;3;4;5;6;7,fmhaSm100fKernel_QkvE4m3OBfloat16HQk576HV512PagedKvDenseStaticTokenSparseP1VarSeqQ64Kv128PersistentKeepsAbForGen,fmhaSm100fKernel_QkvE4m3OBfloat16HQk576HV512PagedKvDenseStaticTokenSparseP1VarSeqQ64Kv128PersistentKeepsAbForGen
7,flash_attention,57813,4752.84655,82.210689,8.096,5330.819,0;1;2;3;4;5;6;7,sm100_fp8_mqa_logits,"void deep_gemm::sm100_fp8_mqa_logits<(unsigned int)32, (unsigned int)128, (bool)0, (unsigned int)4, (unsigned int)256, (unsigned int)3, (unsigned int)3, (unsigned int)148, (unsigned int)128, (unsigned int)256, float, (unsigned int)2>(unsigned int, unsigned int, unsigned int, unsigned int, unsigned int *, unsigned int *, T11 *, CUtensorMap_st, CUtensorMap_st, CUtensorMap_st, CUtensorMap_st)"
8,moe_routing,598950,4443.356942,7.418577,2.432,361.563,0;1;2;3;4;5;6;7,gatherTopK,"void at::native::sbtopk::gatherTopK<float, unsigned int, (int)2, (bool)0>(at::cuda::detail::TensorInfo<const T1, T2>, T2, T2, bool, T2, T2, at::cuda::detail::TensorInfo<T1, T2>, T2, at::cuda::detail::TensorInfo<long, T2>, T2, T1 *)"
9,cutlass_fp8_gemm,27744,3526.394865,127.104775,8.608,3391.449,0;1;2;3;4;5;6;7,device_kernel,"void cutlass::device_kernel<cutlass::gemm::kernel::GemmUniversal<cute::tuple<int, int, int, int>, cutlass::gemm::collective::CollectiveMma<cutlass::gemm::MainloopSm100TmaUmmaWarpSpecializedBlockwiseScaling<(int)5, (int)5, (int)4, cute::tuple<cute::C<(int)1>, cute::C<(int)1>, cute::C<(int)1>>>, cute::tuple<cute::C<(int)128>, cute::C<(int)128>, cute::C<(int)128>>, cutlass::float_e4m3_t, cute::tuple<cute::tuple<long, cute::C<(int)1>, long>, cute::Layout<cute::tuple<cute::tuple<cute::C<(int)1>, int>, cute::tuple<cute::C<(int)128>, int>, int>, cute::tuple<cute::tuple<cute::C<(int)0>, cute::C<(int)1>>, cute::tuple<cute::C<(int)0>, int>, int>>>, cutlass::float_e4m3_t, cute::tuple<cute::tuple<long, cute::C<(int)1>, long>, cute::Layout<cute::tuple<cute::tuple<cute::C<(int)128>, int>, cute::tuple<cute::C<(int)128>, int>, int>, cute::tuple<cute::tuple<cute::C<(int)0>, int>, cute::tuple<cute::C<(int)0>, cute::C<(int)1>>, int>>>, cute::TiledMMA<cute::MMA_Atom<cute::MMA_Traits<cute::SM100_MMA_F8F6F4_SS, cutlass::float_e4m3_t, cutlass::float_e4m3_t, float, cute::C<(int)128>, cute::C<(int)128>, cute::integral_constant<cute::UMMA::Major, (cute::UMMA::Major)0>, cute::integral_constant<cute::UMMA::Major, (cute::UMMA::Major)0>, cute::integral_constant<cute::UMMA::ScaleIn, (cute::UMMA::ScaleIn)0>, cute::integral_constant<cute::UMMA::ScaleIn, (cute::UMMA::ScaleIn)0>>>, cute::Layout<cute::tuple<cute::C<(int)1>, cute::C<(int)1>, cute::C<(int)1>>, cute::tuple<cute::C<(int)0>, cute::C<(int)0>, cute::C<(int)0>>>, cute::tuple<cute::Underscore, cute::Underscore, cute::Underscore>>, cute::tuple<cute::SM90_TMA_LOAD, cute::TiledCopy<cute::Copy_Atom<cute::SM80_CP_ASYNC_CACHEALWAYS<cutlass::uint128_t, cutlass::uint128_t>, float>, cute::Layout<cute::tuple<cute::C<(int)32>, cute::C<(int)4>>, cute::tuple<cute::C<(int)4>, cute::C<(int)1>>>, cute::tuple<cute::C<(int)128>>>>, cute::ComposedLayout<cute::Swizzle<(int)3, (int)4, (int)3>, cute::smem_ptr_flag_bits<(int)8>, cute::Layout<cute::tuple<cute::C<(int)8>, cute::C<(int)128>>, cute::tuple<cute::C<(int)128>, cute::C<(int)1>>>>, void, cute::identity, cute::tuple<cute::SM90_TMA_LOAD, cute::TiledCopy<cute::Copy_Atom<cute::SM80_CP_ASYNC_CACHEALWAYS<float, float>, float>, cute::Layout<cute::tuple<cute::C<(int)32>, cute::C<(int)1>>, cute::tuple<cute::C<(int)1>, cute::C<(int)0>>>, cute::tuple<cute::C<(int)32>>>>, cute::ComposedLayout<cute::Swizzle<(int)3, (int)4, (int)3>, cute::smem_ptr_flag_bits<(int)8>, cute::Layout<cute::tuple<cute::C<(int)8>, cute::C<(int)128>>, cute::tuple<cute::C<(int)128>, cute::C<(int)1>>>>, void, cute::identity>, cutlass::epilogue::collective::CollectiveEpilogue<cutlass::epilogue::Sm100TmaWarpSpecialized<(int)2, (int)2, (int)64, (bool)0, (bool)1>, cute::tuple<cute::C<(int)128>, cute::C<(int)128>, cute::C<(int)128>>, cute::tuple<cute::C<(int)128>, cute::C<(int)64>>, void, cute::tuple<long, cute::C<(int)1>, long>, cutlass::bfloat16_t, cute::tuple<long, cute::C<(int)1>, long>, cutlass::epilogue::fusion::FusionCallbacks<cutlass::epilogue::Sm100TmaWarpSpecialized<(int)2, (int)2, (int)64, (bool)0, (bool)1>, cutlass::epilogue::fusion::LinearCombination<cutlass::bfloat16_t, float, void, float, (cutlass::FloatRoundStyle)2>, cute::tuple<cute::C<(int)128>, cute::C<(int)128>, cute::C<(int)128>>, cute::tuple<cute::C<(int)128>, cute::C<(int)64>>, >, cute::SM100::TMEM::LOAD::SM100_TMEM_LOAD_32dp32b64x, cute::SM90_TMA_LOAD, cute::ComposedLayout<cute::Swizzle<(int)3, (int)4, (int)3>, cute::smem_ptr_flag_bits<(int)16>, cute::Layout<cute::tuple<cute::C<(int)8>, cute::C<(int)64>>, cute::tuple<cute::C<(int)64>, cute::C<(int)1>>>>, cute::AutoVectorizingCopyWithAssumedAlignment<(int)128>, cute::SM90_TMA_STORE, cute::ComposedLayout<cute::Swizzle<(int)3, (int)4, (int)3>, cute::smem_ptr_flag_bits<(int)16>, cute::Layout<cute::tuple<cute::C<(int)8>, cute::C<(int)64>>, cute::tuple<cute::C<(int)64>, cute::C<(int)1>>>>, cute::AutoVectorizingCopyWithAssumedAlignment<(int)128>, cute::AutoVectorizingCopyWithAssumedAlignment<(int)128>>, cutlass::gemm::PersistentScheduler, void>>(T1::Params)"
10,flash_attention,155454,2940.502825,18.915582,11.071,33.408,0;1;2;3;4;5;6;7,fmhaSm100fKernel_QkvE4m3OBfloat16HQk576HV512PagedKvDenseStaticTokenSparseP1MultiCtasKvGmemSepVarSeqQ64Kv128StaticKeepsAbForGen,fmhaSm100fKernel_QkvE4m3OBfloat16HQk576HV512PagedKvDenseStaticTokenSparseP1MultiCtasKvGmemSepVarSeqQ64Kv128StaticKeepsAbForGen
11,other_kernel,206475,2466.773289,11.94708,8.351,18.496,0;1;2;3;4;5;6;7,compute_expert_offsets,"compute_expert_offsets(const int *, int *, int *, long)"
12,other_kernel,206475,2386.327175,11.557463,5.407,339.709,0;1;2;3;4;5;6;7,apply_shuffle_mul_sum_kernel,"void apply_shuffle_mul_sum_kernel<__nv_bfloat16>(const T1 *, T1 *, const int *, int, int, int, const T1 *)"
13,quant_rope_norm,429468,2186.710504,5.091673,2.816,128.511,0;1;2;3;4;5;6;7,kernel_cutlass_kernel_flashinfernormkernelsfused_add_rmsnormFusedAddRMSNormKernel_object_at__tensorptrbf16gmemalign128o614461441_tensorptrbf16gmemalign128o614461441_tensorptrbf16gmemalign_0,kernel_cutlass_kernel_flashinfernormkernelsfused_add_rmsnormFusedAddRMSNormKernel_object_at__tensorptrbf16gmemalign128o614461441_tensorptrbf16gmemalign128o614461441_tensorptrbf16gmemalign_0
14,other_kernel,399300,2036.663151,5.100584,4.128,21.792,0;1;2;3;4;5;6;7,bitonicSortKVInPlace,"void at::native::bitonicSortKVInPlace<(int)2, (int)-1, (int)16, (int)16, float, long, at::native::GTOp<float, (bool)1>, unsigned int>(at::cuda::detail::TensorInfo<T5, T8>, T8, T8, T8, at::cuda::detail::TensorInfo<T6, T8>, T8, T7)"
15,quant_rope_norm,627684,1760.479174,2.804722,1.28,202.046,0;1;2;3;4;5;6;7,per_token_group_quant_8bit_v2_kernel,"void <unnamed>::per_token_group_quant_8bit_v2_kernel<<unnamed>::NaiveScheduler, (int)128, (int)8, __nv_bfloat16, __nv_fp8_e4m3, (bool)0, (bool)0, (bool)0, (bool)1, float>(const T4 *, T5 *, T10 *, const int *, int, int, int, int, int)"
16,moe_routing,57813,1643.138267,28.421605,5.056,2898.984,0;1;2;3;4;5;6;7,topk_transform_prefill_kernel,"<unnamed>::topk_transform_prefill_kernel(<unnamed>::FastTopKParams, int *, const int *, long, const int *, long)"
17,quant_rope_norm,561612,1541.723033,2.745175,1.248,184.094,0;1;2;3;4;5;6;7,per_token_group_quant_8bit_kernel,"void per_token_group_quant_8bit_kernel<NaiveScheduler, (int)128, (int)8, __nv_bfloat16, c10::Float8_e4m3fn, (bool)1, (bool)0, (bool)0, float>(const T4 *, T5 *, T9 *, const int *, int, int, int, int, int)"
18,quant_rope_norm,214734,1507.038003,7.018162,2.336,485.821,0;1;2;3;4;5;6;7,RopeQuantizeKernel,"void flashinfer::RopeQuantizeKernel<(bool)1, (unsigned int)16, (unsigned int)1, __nv_bfloat16, long, __nv_fp8_e4m3>(T4 *, T4 *, T4 *, T4 *, T6 *, T6 *, T6 *, T6 *, float *, T5 *, unsigned int, unsigned int, unsigned int, unsigned int, unsigned int, unsigned long, unsigned long, unsigned long, unsigned long, unsigned long, unsigned long, unsigned long, unsigned long, unsigned long, unsigned long, unsigned long, unsigned long, unsigned long, unsigned long, unsigned long, unsigned long, float, float)"
19,elementwise_misc,214734,1331.820501,6.202187,2.464,393.565,0;1;2;3;4;5;6;7,act_and_mul_kernel,"void <unnamed>::act_and_mul_kernel<__nv_bfloat16, (<unnamed>::ActivationKind)0, (bool)1, (bool)0>(<unnamed>::ActivationParams)"
20,other_kernel,206475,1019.971307,4.939926,1.568,393.181,0;1;2;3;4;5;6;7,shuffleRowsKernel,"void shuffleRowsKernel<__nv_fp8_e4m3>(const T1 *, const int *, T1 *, long, long, long)"
21,cutlass_fp8_gemm,409050,1004.519321,2.455737,1.568,149.47,0;1;2;3;4;5;6;7,get_group_gemm_starts,"void get_group_gemm_starts<cutlass::float_e4m3_t, cutlass::bfloat16_t, float, cute::Layout<cute::tuple<cute::tuple<cute::C<(int)128>, int>, cute::tuple<cute::C<(int)128>, int>, int>, cute::tuple<cute::tuple<cute::C<(int)0>, int>, cute::tuple<cute::C<(int)0>, cute::C<(int)1>>, int>>, cute::Layout<cute::tuple<cute::tuple<cute::C<(int)1>, int>, cute::tuple<cute::C<(int)128>, int>, int>, cute::tuple<cute::tuple<cute::C<(int)0>, int>, cute::tuple<cute::C<(int)0>, cute::C<(int)1>>, int>>, cutlass::detail::Sm1xxBlockwiseScaleConfig<(int)128, (int)1, (int)128, (cute::UMMA::Major)0, (cute::UMMA::Major)0>>(int *, T1 **, T1 **, T2 **, T3 **, T3 **, T1 *, T1 *, T2 *, T3 *, T3 *, T4 *, T5 *, int *, int *, bool)"
22,flash_attention,155454,837.057231,5.384598,3.904,7.679,0;1;2;3;4;5;6;7,fmhaReductionKernel,"void tensorrt_llm::kernels::fmhaReductionKernel<(int)64, (int)512, (bool)1, __nv_bfloat16, __nv_bfloat16>(KernelParams, bool, bool, bool, int, int, int, int)"
23,cutlass_fp8_gemm,2753,768.35299,279.096618,274.846,296.285,7,nvjet_sm100_tst_192x8_64x8_2x1_v_bz_splitK_TNT,nvjet_sm100_tst_192x8_64x8_2x1_v_bz_splitK_TNT
24,cutlass_fp8_gemm,131850,743.325629,5.637661,4.992,7.68,0;1;2;3;4;5;6;7,nvjet_sm100_tst_64x8_64x16_2x4_h_bz_splitK_TNT,nvjet_sm100_tst_64x8_64x16_2x4_h_bz_splitK_TNT
25,other_kernel,206475,705.393977,3.416365,1.76,257.118,0;1;2;3;4;5;6;7,compute_arg_sorts,"compute_arg_sorts(const int *, int *, int *, int *, long, long)"
26,other_kernel,206475,662.679677,3.209491,1.983,83.551,0;1;2;3;4;5;6;7,compute_problem_sizes,"compute_problem_sizes(const int *, int *, int *, int *, long, long, long)"
27,quant_rope_norm,207636,627.415233,3.021707,1.888,76.607,0;1;2;3;4;5;6;7,kernel_cutlass_kernel_flashinfernormkernelsrmsnormRMSNormKernel_object_at__tensorptrbf16gmemalign16o2048i64div81_tensorptrbf16gmemalign16o20481_tensorptrbf16gmemalign16o2048i64div81___Tru_0,kernel_cutlass_kernel_flashinfernormkernelsrmsnormRMSNormKernel_object_at__tensorptrbf16gmemalign16o2048i64div81_tensorptrbf16gmemalign16o20481_tensorptrbf16gmemalign16o2048i64div81___Tru_0
28,elementwise_misc,399032,601.02969,1.506219,0.928,24.672,0;1;2;3;4;5;6;7,vectorized_elementwise_kernel,"void at::native::vectorized_elementwise_kernel<(int)4, at::native::FillFunctor<int>, std::array<char *, (unsigned long)1>>(int, T2, T3)"
29,elementwise_misc,207203,581.61669,2.80699,1.76,14.08,0;1;2;3;4;5;6;7,splitKreduce_kernel,"void cublasLt::splitKreduce_kernel<(int)32, (int)16, int, float, __nv_bfloat16, float, __nv_bfloat16, (bool)0, float, __nv_bfloat16, __nv_bfloat16, (bool)1, (bool)0, (bool)0, (bool)0>(cublasLt::cublasSplitKParams<T6>, const T4 *, const T10 *, T9 *, T5 *, const T6 *, const T6 *, const T11 *, const T4 *, T11 *, void *, long, T6 *, int *, T6 *, T6 *, const T6 *, const T6 *, const T6 *, const T6 *, const T6 *)"
30,other_kernel,206475,572.641925,2.77342,1.184,153.215,0;1;2;3;4;5;6;7,shuffleRowsKernel,"void shuffleRowsKernel<float>(const T1 *, const int *, T1 *, long, long, long)"
31,elementwise_misc,206475,495.692869,2.40074,1.6,5.056,0;1;2;3;4;5;6;7,triton_poi_fused__to_copy_copy_div_gather_randint_select_sigmoid_4,triton_poi_fused__to_copy_copy_div_gather_randint_select_sigmoid_4
32,quant_rope_norm,207636,486.286541,2.342015,1.472,74.879,0;1;2;3;4;5;6;7,kernel_cutlass_kernel_flashinfernormkernelsrmsnormRMSNormKernel_object_at__tensorptrbf16gmemalign16o512i64div81_tensorptrbf16gmemalign16o5121_tensorptrbf16gmemalign16o512i64div81___True_4_0,kernel_cutlass_kernel_flashinfernormkernelsrmsnormRMSNormKernel_object_at__tensorptrbf16gmemalign16o512i64div81_tensorptrbf16gmemalign16o5121_tensorptrbf16gmemalign16o512i64div81___True_4_0
33,elementwise_misc,206475,479.740699,2.323481,1.152,149.214,0;1;2;3;4;5;6;7,vectorized_elementwise_kernel,"void at::native::vectorized_elementwise_kernel<(int)8, at::native::bfloat16_copy_kernel_cuda(at::TensorIteratorBase &)::[lambda(float) (instance 1)], std::array<char *, (unsigned long)2>>(int, T2, T3)"
34,elementwise_misc,199650,475.465539,2.381495,1.6,8.672,0;1;2;3;4;5;6;7,triton_red_fused_copy_gather_select_sigmoid_slice_sum_3,triton_red_fused_copy_gather_select_sigmoid_slice_sum_3
35,other_kernel,213174,426.500091,2.000713,1.152,3.296,0;1;2;3;4;5;6;7,set_mla_kv_buffer_kernel,set_mla_kv_buffer_kernel
36,elementwise_misc,206475,403.540949,1.95443,1.535,3.104,0;1;2;3;4;5;6;7,distribution_elementwise_grid_stride_kernel,"void at::native::<unnamed>::distribution_elementwise_grid_stride_kernel<unsigned long, (int)2, void at::native::templates::cuda::random_from_to_kernel<at::CUDAGeneratorImpl *>(at::TensorIteratorBase &, unsigned long, long, T1)::[lambda() (instance 1)]::operator ()() const::[lambda() (instance 4)]::operator ()() const::[lambda(curandStatePhilox4_32_10 *) (instance 1)], void at::native::<unnamed>::distribution_nullary_kernel<long, unsigned long, ulonglong2, at::CUDAGeneratorImpl *, void at::native::templates::cuda::random_from_to_kernel<at::CUDAGeneratorImpl *>(at::TensorIteratorBase &, unsigned long, long, T1)::[lambda() (instance 1)]::operator ()() const::[lambda() (instance 4)]::operator ()() const::[lambda(curandStatePhilox4_32_10 *) (instance 1)], void at::native::templates::cuda::random_from_to_kernel<at::CUDAGeneratorImpl *>(at::TensorIteratorBase &, unsigned long, long, T1)::[lambda() (instance 1)]::operator ()() const::[lambda() (instance 4)]::operator ()() const::[lambda(unsigned long) (instance 1)]>(at::TensorIteratorBase &, T4, const T5 &, T6)::[lambda(int, unsigned long) (instance 1)]>(long, at::PhiloxCudaState, T3, T4)"
37,other_kernel,206475,397.962492,1.927412,1.152,9.6,0;1;2;3;4;5;6;7,triton_poi_fused_add_sigmoid_unsqueeze_0,triton_poi_fused_add_sigmoid_unsqueeze_0
38,other_kernel,22024,373.892211,16.976581,2.72,71.167,0;1;2;3;4;5;6;7,write_req_to_token_pool_triton,write_req_to_token_pool_triton
39,elementwise_misc,206475,362.703339,1.756645,1.024,8.896,0;1;2;3;4;5;6;7,triton_poi_fused__to_copy_arange_bitwise_not_eq_expand_masked_fill_scalar_tensor_unsqueeze_view_where_2,triton_poi_fused__to_copy_arange_bitwise_not_eq_expand_masked_fill_scalar_tensor_unsqueeze_view_where_2
40,other_kernel,115626,349.001597,3.018366,1.184,355.678,0;1;2;3;4;5;6;7,fast_hadamard_transform_kernel,"void <unnamed>::fast_hadamard_transform_kernel<<unnamed>::FastHadamardKernelTraits<(int)16, (int)7, __nv_bfloat16>>(HadamardParamsBase)"
41,other_kernel,34328,329.833191,9.608285,8.831,21.888,0;1;2;3;4;5;6;7,DeviceRadixSortSingleTileKernel,"void at_cuda_detail::cub::detail::radix_sort::DeviceRadixSortSingleTileKernel<at_cuda_detail::cub::detail::radix::policy_hub<int, at_cuda_detail::cub::NullType, unsigned long long>::Policy1000, (at_cuda_detail::cub::SortOrder)0, int, at_cuda_detail::cub::NullType, unsigned long long, at_cuda_detail::cub::detail::identity_decomposer_t>(const T3 *, T3 *, const T4 *, T4 *, T5, int, int, T6)"
42,other_kernel,206475,327.008621,1.583769,0.992,3.136,0;1;2;3;4;5;6;7,triton_poi_fused_sum_1,triton_poi_fused_sum_1
43,cutlass_fp8_gemm,1248,305.19403,244.546498,43.008,332.286,0;1;2;3;4;5;6;7,nvjet_sm100_tst_256x256_64x4_2x1_2cta_v_bz_TNT,nvjet_sm100_tst_256x256_64x4_2x1_2cta_v_bz_TNT
44,cutlass_fp8_gemm,1248,287.491834,230.362046,43.775,317.725,0;1;2;3;4;5;6;7,nvjet_sm100_tst_128x256_64x6_2x1_2cta_v_bz_TNT,nvjet_sm100_tst_128x256_64x6_2x1_2cta_v_bz_TNT
45,other_kernel,57813,284.432563,4.919872,3.04,9.952,0;1;2;3;4;5;6;7,_get_k_and_s_triton_kernel,_get_k_and_s_triton_kernel
46,quant_rope_norm,93465,280.582528,3.002006,1.344,154.175,0;1;2;3;4;5;6;7,unrolled_elementwise_kernel,"void at::native::unrolled_elementwise_kernel<at::native::direct_copy_kernel_cuda(at::TensorIteratorBase &)::[lambda() (instance 3)]::operator ()() const::[lambda() (instance 4)]::operator ()() const::[lambda(long) (instance 1)], std::array<char *, (unsigned long)2>, (int)4, TrivialOffsetCalculator<(int)1, unsigned int>, TrivialOffsetCalculator<(int)1, unsigned int>, at::native::memory::LoadWithCast<(int)1>, at::native::memory::StoreWithCast<(int)1>>(int, T1, T2, T4, T5, T6, T7)"
47,elementwise_misc,41768,237.071479,5.675912,1.792,9.599,0;1;2;3;4;5;6;7,index_elementwise_kernel,"void at::native::index_elementwise_kernel<(int)128, (int)4, void at::native::gpu_index_kernel<void at::native::index_kernel_impl<at::native::OpaqueType<(int)4>>(at::TensorIteratorBase &, c10::ArrayRef<long>, c10::ArrayRef<long>)::[lambda(char *, const char *, long) (instance 1)]>(at::TensorIteratorBase &, c10::ArrayRef<long>, c10::ArrayRef<long>, const T1 &, bool)::[lambda(int) (instance 1)]>(long, T3)"
48,cutlass_fp8_gemm,49749,236.630776,4.756493,4.0,9.088,0;1;2;3;4;5;6;7,nvjet_sm100_tss_64x8_64x16_1x4_h_bz_splitK_TNT,nvjet_sm100_tss_64x8_64x16_1x4_h_bz_splitK_TNT
49,cutlass_fp8_gemm,31668,189.393196,5.980586,5.504,7.168,0;1;2;3;4;5;6;7,nvjet_sm100_tst_128x48_64x11_2x1_2cta_v_bz_TNT,nvjet_sm100_tst_128x48_64x11_2x1_2cta_v_bz_TNT
50,cutlass_fp8_gemm,31980,189.086368,5.912644,5.536,7.072,0;1;2;3;4;5;6;7,nvjet_sm100_tst_128x40_64x10_2x1_v_bz_TNT,nvjet_sm100_tst_128x40_64x10_2x1_v_bz_TNT
51,cutlass_fp8_gemm,31980,176.8034,5.528562,5.024,6.432,0;1;2;3;4;5;6;7,nvjet_sm100_tst_256x40_64x5_2x1_v_bz_TNT,nvjet_sm100_tst_256x40_64x5_2x1_v_bz_TNT
52,cutlass_fp8_gemm,31668,176.700627,5.579785,5.056,6.912,0;1;2;3;4;5;6;7,nvjet_sm100_tst_256x48_64x6_2x1_2cta_v_bz_TNT,nvjet_sm100_tst_256x48_64x6_2x1_2cta_v_bz_TNT
53,quant_rope_norm,57813,156.039282,2.699035,1.664,43.583,0;1;2;3;4;5;6;7,_act_quant_kernel,_act_quant_kernel
54,quant_rope_norm,57813,152.429436,2.636594,1.6,31.072,0;1;2;3;4;5;6;7,fused_rope_kernel,"void <unnamed>::fused_rope_kernel<(bool)0, (long)64, (bool)1, __nv_bfloat16, long, (unsigned int)8>(<unnamed>::FusedRopeParams)"
55,cutlass_fp8_gemm,23322,143.077715,6.134882,5.599,7.136,0;1;2;3;4;5;6;7,nvjet_sm100_tst_128x64_64x10_2x1_2cta_v_bz_TNT,nvjet_sm100_tst_128x64_64x10_2x1_2cta_v_bz_TNT
56,cutlass_fp8_gemm,22932,134.134828,5.849242,5.504,6.72,0;1;2;3;4;5;6;7,nvjet_sm100_tst_128x24_64x11_2x1_v_bz_TNT,nvjet_sm100_tst_128x24_64x11_2x1_v_bz_TNT
57,cutlass_fp8_gemm,23322,132.99175,5.702416,5.248,6.56,0;1;2;3;4;5;6;7,nvjet_sm100_tst_256x64_64x5_2x1_2cta_v_bz_TNT,nvjet_sm100_tst_256x64_64x5_2x1_2cta_v_bz_TNT
58,other_kernel,66040,131.946081,1.997972,1.375,4.448,0;1;2;3;4;5;6;7,DeviceScanKernel,"void at_cuda_detail::cub::detail::scan::DeviceScanKernel<at_cuda_detail::cub::detail::scan::policy_hub<int, int, int, unsigned int, std::plus<int>>::Policy1000, const int *, int *, at_cuda_detail::cub::ScanTileState<int, (bool)1>, std::plus<int>, at_cuda_detail::cub::NullType, unsigned int, int, (bool)0, at_cuda_detail::cub::NullType>(T2, T3, T4, int, T5, T6, T7)"
59,elementwise_misc,57498,131.813321,2.292485,1.568,7.712,0;1;2;3;4;5;6;7,splitKreduce_kernel,"void cublasLt::splitKreduce_kernel<(int)32, (int)16, int, float, float, float, float, (bool)0, float, float, float, (bool)1, (bool)0, (bool)0, (bool)0>(cublasLt::cublasSplitKParams<T6>, const T4 *, const T10 *, T9 *, T5 *, const T6 *, const T6 *, const T11 *, const T4 *, T11 *, void *, long, T6 *, int *, T6 *, T6 *, const T6 *, const T6 *, const T6 *, const T6 *, const T6 *)"
60,elementwise_misc,56360,127.456494,2.261471,1.408,7.584,0;1;2;3;4;5;6;7,vectorized_elementwise_kernel,"void at::native::vectorized_elementwise_kernel<(int)4, at::native::BUnaryFunctor<int, int, int, at::native::binary_internal::div_floor_kernel_cuda(at::TensorIteratorBase &)::[lambda() (instance 1)]::operator ()() const::[lambda() (instance 3)]::operator ()() const::[lambda(int, int) (instance 1)]>, std::array<char *, (unsigned long)2>>(int, T2, T3)"
61,elementwise_misc,90736,124.472564,1.37181,0.895,2.336,0;1;2;3;4;5;6;7,elementwise_kernel_with_index,"void <unnamed>::elementwise_kernel_with_index<int, at::native::arange_cuda_out(const c10::Scalar &, const c10::Scalar &, const c10::Scalar &, at::Tensor &)::[lambda() (instance 1)]::operator ()() const::[lambda() (instance 3)]::operator ()() const::[lambda(long) (instance 1)]>(T1, T2, function_traits<T2>::result_type *)"
62,quant_rope_norm,57813,123.924902,2.143547,1.312,13.888,0;1;2;3;4;5;6;7,kernel_cutlass_kernel_flashinfernormkernelslayernormLayerNormKernel_object_at__tensorptrbf16gmemalign16o128div41_tensorptrbf16gmemalign16o128div41_tensorptrf32gmemalign16o1281_tensorptrf3_0,kernel_cutlass_kernel_flashinfernormkernelslayernormLayerNormKernel_object_at__tensorptrbf16gmemalign16o128div41_tensorptrbf16gmemalign16o128div41_tensorptrf32gmemalign16o1281_tensorptrf3_0
63,cutlass_fp8_gemm,22932,123.156259,5.370498,4.896,6.4,0;1;2;3;4;5;6;7,nvjet_sm100_tst_256x24_64x6_2x1_v_bz_TNT,nvjet_sm100_tst_256x24_64x6_2x1_v_bz_TNT
64,cutlass_fp8_gemm,24750,120.686017,4.876203,4.48,5.472,0;1;2;3;4;5;6;7,nvjet_sm100_tst_32x64_64x16_4x1_v_bz_splitK_TNN,nvjet_sm100_tst_32x64_64x16_4x1_v_bz_splitK_TNN
65,cutlass_fp8_gemm,18486,114.000985,6.166882,5.728,7.328,0;1;2;3;4;5;6;7,nvjet_sm100_tst_128x56_64x9_2x1_v_bz_TNT,nvjet_sm100_tst_128x56_64x9_2x1_v_bz_TNT
66,elementwise_misc,57813,112.633959,1.948246,1.28,8.768,0;1;2;3;4;5;6;7,fused_store_indexer_cache,"void <unnamed>::fused_store_indexer_cache<__nv_bfloat16, long, (unsigned int)6, (bool)1>(<unnamed>::FusedStoreCacheParam)"
67,moe_routing,20475,111.043279,5.423359,2.368,9.6,0;1;2;3;4;5;6;7,gatherTopK,"void at::native::sbtopk::gatherTopK<float, unsigned int, (int)1, (bool)0>(at::cuda::detail::TensorInfo<const T1, T2>, T2, T2, bool, T2, T2, at::cuda::detail::TensorInfo<T1, T2>, T2, at::cuda::detail::TensorInfo<long, T2>, T2, T1 *)"
68,cutlass_fp8_gemm,18486,110.520228,5.978591,5.376,6.912,0;1;2;3;4;5;6;7,nvjet_sm100_tst_256x56_64x5_2x1_v_bz_TNT,nvjet_sm100_tst_256x56_64x5_2x1_v_bz_TNT
69,cutlass_fp8_gemm,15075,99.637414,6.609447,6.144,8.608,0;1;2;3;4;5;6;7,nvjet_sm100_tst_64x8_64x16_1x2_h_bz_splitK_TNT,nvjet_sm100_tst_64x8_64x16_1x2_h_bz_splitK_TNT
70,other_kernel,34336,99.384181,2.89446,2.112,10.432,0;1;2;3;4;5;6;7,DeviceSelectSweepKernel,"void at_cuda_detail::cub::detail::select::DeviceSelectSweepKernel<at_cuda_detail::cub::detail::select::policy_hub<int, at_cuda_detail::cub::NullType, int, (bool)0, (at_cuda_detail::cub::SelectImpl)0>::Policy1000, const int *, at_cuda_detail::cub::NullType *, int *, long *, at_cuda_detail::cub::ScanTileState<int, (bool)1>, at_cuda_detail::cub::NullType, cuda::std::__4::equal_to<void>, int, at_cuda_detail::cub::detail::select::streaming_context_t<long, (bool)1>, (at_cuda_detail::cub::SelectImpl)0>(T2, T3, T4, T5, T6, T7, T8, T9, int, T10, at_cuda_detail::cub::detail::vsmem_t)"
71,other_kernel,57813,92.787506,1.604959,1.024,5.984,0;1;2;3;4;5;6;7,triton_poi_fused_mul_unsqueeze_0,triton_poi_fused_mul_unsqueeze_0
72,other_kernel,66040,91.854056,1.390885,0.928,2.304,0;1;2;3;4;5;6;7,DeviceScanInitKernel,"void at_cuda_detail::cub::detail::scan::DeviceScanInitKernel<at_cuda_detail::cub::ScanTileState<int, (bool)1>>(T1, int)"
73,cutlass_fp8_gemm,13575,91.254587,6.722253,6.368,7.424,0;1;2;3;4;5;6;7,nvjet_sm100_tst_64x8_64x16_1x4_h_bz_splitK_TNT,nvjet_sm100_tst_64x8_64x16_1x4_h_bz_splitK_TNT
74,cutlass_fp8_gemm,15522,87.633575,5.645766,5.216,6.432,0;1;2;3;4;5;6;7,nvjet_sm100_tst_128x8_64x12_2x1_v_bz_TNT,nvjet_sm100_tst_128x8_64x12_2x1_v_bz_TNT
75,cutlass_fp8_gemm,12525,81.787122,6.52991,5.12,7.776,0;1;2;3;4;5;6;7,nvjet_sm100_tst_64x8_64x16_4x2_h_bz_splitK_TNT,nvjet_sm100_tst_64x8_64x16_4x2_h_bz_splitK_TNT
76,elementwise_misc,24777,79.595311,3.212468,1.792,81.536,0;1;2;3;4;5;6;7,index_elementwise_kernel,"void at::native::index_elementwise_kernel<(int)128, (int)4, void at::native::gpu_index_kernel<void at::native::index_put_kernel_impl<at::native::OpaqueType<(int)8>>(at::TensorIterator &, c10::ArrayRef<long>, c10::ArrayRef<long>)::[lambda(char *, const char *, long) (instance 1)]>(at::TensorIteratorBase &, c10::ArrayRef<long>, c10::ArrayRef<long>, const T1 &, bool)::[lambda(int) (instance 1)]>(long, T3)"
77,cutlass_fp8_gemm,15522,78.210511,5.038688,4.544,5.984,0;1;2;3;4;5;6;7,nvjet_sm100_tst_256x8_64x6_2x1_v_bz_TNT,nvjet_sm100_tst_256x8_64x6_2x1_v_bz_TNT
78,flash_attention,8034,72.647753,9.042538,8.479,9.792,0;1;2;3;4;5;6;7,fmhaSm100fKernel_QkvE4m3OBfloat16HQk576HV512HVPerCta256PagedKvDenseStaticTokenSparseP1MultiCtasKvGmemSepVarSeqQ64Kv128StaticKeepsAbForGen,fmhaSm100fKernel_QkvE4m3OBfloat16HQk576HV512HVPerCta256PagedKvDenseStaticTokenSparseP1MultiCtasKvGmemSepVarSeqQ64Kv128StaticKeepsAbForGen
79,elementwise_misc,31784,71.118048,2.237542,1.216,117.311,0;1;2;3;4;5;6;7,CatArrayBatchedCopy_vectorized,"void at::native::<unnamed>::CatArrayBatchedCopy_vectorized<at::native::<unnamed>::OpaqueType<(unsigned int)8>, unsigned int, (int)1, (int)128, (int)1, (int)16, (int)2>(char *, at::native::<unnamed>::CatArrInputTensorMetadata<T1, T2, T4, T5>, at::native::<unnamed>::TensorSizeStride<T2, (unsigned int)4>, int, T2)"
80,other_kernel,13650,63.532302,4.654381,3.936,5.728,0;1;2;3;4;5;6;7,bitonicSortKVInPlace,"void at::native::bitonicSortKVInPlace<(int)-2, (int)-1, (int)16, (int)16, float, long, at::native::GTOp<float, (bool)1>, unsigned int>(at::cuda::detail::TensorInfo<T5, T8>, T8, T8, T8, at::cuda::detail::TensorInfo<T6, T8>, T8, T7)"
81,elementwise_misc,34352,61.375132,1.786654,1.12,2.944,0;1;2;3;4;5;6;7,vectorized_elementwise_kernel,"void at::native::vectorized_elementwise_kernel<(int)4, at::native::CUDAFunctor_add<int>, std::array<char *, (unsigned long)3>>(int, T2, T3)"
82,elementwise_misc,29952,57.595649,1.922932,1.152,3.008,0;1;2;3;4;5;6;7,CatArrayBatchedCopy_alignedK_contig,"void at::native::<unnamed>::CatArrayBatchedCopy_alignedK_contig<at::native::<unnamed>::OpaqueType<(unsigned int)4>, unsigned int, (int)1, (int)128, (int)1, (int)16>(T1 *, at::native::<unnamed>::CatArrInputTensorMetadata<T1, T2, T4, T5>, at::native::<unnamed>::TensorSizeStride<T2, (unsigned int)4>, int, T2)"
83,cutlass_fp8_gemm,9750,57.21402,5.868105,5.504,6.816,0;1;2;3;4;5;6;7,nvjet_sm100_tst_128x32_64x11_2x1_2cta_v_bz_TNT,nvjet_sm100_tst_128x32_64x11_2x1_2cta_v_bz_TNT
84,cutlass_fp8_gemm,9906,57.031917,5.75731,5.44,6.624,0;1;2;3;4;5;6;7,nvjet_sm100_tst_128x16_64x12_2x1_2cta_v_bz_TNT,nvjet_sm100_tst_128x16_64x12_2x1_2cta_v_bz_TNT
85,flash_attention,7488,54.966035,7.34055,6.784,8.32,0;1;2;3;4;5;6;7,fmhaSm100fKernel_QkvE4m3OBfloat16HQk576HV512HVPerCta128PagedKvDenseStaticTokenSparseP1MultiCtasKvGmemSepVarSeqQ64Kv128StaticKeepsAbForGen,fmhaSm100fKernel_QkvE4m3OBfloat16HQk576HV512HVPerCta128PagedKvDenseStaticTokenSparseP1MultiCtasKvGmemSepVarSeqQ64Kv128StaticKeepsAbForGen
86,elementwise_misc,27530,54.187055,1.968291,1.28,3.488,0;1;2;3;4;5;6;7,vectorized_elementwise_kernel,"void at::native::vectorized_elementwise_kernel<(int)2, at::native::CUDAFunctorOnSelf_add<long>, std::array<char *, (unsigned long)2>>(int, T2, T3)"
87,cutlass_fp8_gemm,9750,51.835638,5.316476,4.832,6.079,0;1;2;3;4;5;6;7,nvjet_sm100_tst_256x32_64x6_2x1_2cta_v_bz_TNT,nvjet_sm100_tst_256x32_64x6_2x1_2cta_v_bz_TNT
88,other_kernel,22024,51.698825,2.347386,1.344,14.56,0;1;2;3;4;5;6;7,alloc_extend_kernel,alloc_extend_kernel
89,cutlass_fp8_gemm,9906,50.770312,5.125208,4.671,6.016,0;1;2;3;4;5;6;7,nvjet_sm100_tst_256x16_64x6_2x1_2cta_v_bz_TNT,nvjet_sm100_tst_256x16_64x6_2x1_2cta_v_bz_TNT
90,cutlass_fp8_gemm,7878,48.501158,6.156532,5.536,8.031,0;1;2;3;4;5;6;7,nvjet_sm100_tst_128x80_64x10_2x1_2cta_v_bz_TNT,nvjet_sm100_tst_128x80_64x10_2x1_2cta_v_bz_TNT
91,cutlass_fp8_gemm,7878,48.167696,6.114204,5.6,6.88,0;1;2;3;4;5;6;7,nvjet_sm100_tst_256x80_64x5_2x1_2cta_v_bz_TNT,nvjet_sm100_tst_256x80_64x5_2x1_2cta_v_bz_TNT
92,other_kernel,34336,48.166705,1.402805,0.96,4.416,0;1;2;3;4;5;6;7,DeviceCompactInitKernel,"void at_cuda_detail::cub::detail::scan::DeviceCompactInitKernel<at_cuda_detail::cub::ScanTileState<int, (bool)1>, long *>(T1, int, T2)"
93,cutlass_fp8_gemm,7254,47.042304,6.485016,5.888,7.392,0;1;2;3;4;5;6;7,nvjet_sm100_tst_256x88_64x4_2x1_v_bz_TNT,nvjet_sm100_tst_256x88_64x4_2x1_v_bz_TNT
94,cutlass_fp8_gemm,7254,45.905723,6.328332,5.696,7.808,0;1;2;3;4;5;6;7,nvjet_sm100_tst_128x88_64x7_2x1_v_bz_TNT,nvjet_sm100_tst_128x88_64x7_2x1_v_bz_TNT
95,quant_rope_norm,22120,45.210901,2.043892,1.311,115.391,0;1;2;3;4;5;6;7,unrolled_elementwise_kernel,"void at::native::unrolled_elementwise_kernel<at::native::direct_copy_kernel_cuda(at::TensorIteratorBase &)::[lambda() (instance 3)]::operator ()() const::[lambda() (instance 3)]::operator ()() const::[lambda(int) (instance 1)], std::array<char *, (unsigned long)2>, (int)4, TrivialOffsetCalculator<(int)1, unsigned int>, TrivialOffsetCalculator<(int)1, unsigned int>, at::native::memory::LoadWithCast<(int)1>, at::native::memory::StoreWithCast<(int)1>>(int, T1, T2, T4, T5, T6, T7)"
96,elementwise_misc,22024,44.189823,2.006439,1.184,8.64,0;1;2;3;4;5;6;7,multi_tensor_apply_kernel,"void at::native::<unnamed>::multi_tensor_apply_kernel<at::native::<unnamed>::TensorListMetadata<(int)2>, at::native::<unnamed>::UnaryOpFunctor<long, (int)2, (int)1, (int)1>, at::native::Copy<long, long>>(T1, T2, T3...)"
97,cutlass_fp8_gemm,6552,42.680355,6.514096,5.952,7.488,0;1;2;3;4;5;6;7,nvjet_sm100_tst_256x104_64x4_2x1_v_bz_TNT,nvjet_sm100_tst_256x104_64x4_2x1_v_bz_TNT
98,cutlass_fp8_gemm,6552,41.911155,6.396696,5.856,8.288,0;1;2;3;4;5;6;7,nvjet_sm100_tst_128x104_64x7_2x1_v_bz_TNT,nvjet_sm100_tst_128x104_64x7_2x1_v_bz_TNT
99,cutlass_fp8_gemm,903,40.239969,44.562535,10.368,50.431,0;1;2;3;4;5;6;7,nvjet_sm100_tst_128x256_64x6_2x2_2cta_h_bz_TNT,nvjet_sm100_tst_128x256_64x6_2x2_2cta_h_bz_TNT
100,elementwise_misc,22024,39.519626,1.794389,1.184,3.104,0;1;2;3;4;5;6;7,vectorized_elementwise_kernel,"void at::native::vectorized_elementwise_kernel<(int)4, at::native::<unnamed>::launch_clamp_scalar(at::TensorIteratorBase &, c10::Scalar, c10::Scalar, at::native::detail::ClampLimits)::[lambda() (instance 1)]::operator ()() const::[lambda() (instance 3)]::operator ()() const::[lambda(int) (instance 1)], std::array<char *, (unsigned long)2>>(int, T2, T3)"
101,cutlass_fp8_gemm,6006,37.342131,6.217471,5.696,7.36,0;1;2;3;4;5;6;7,nvjet_sm100_tst_128x72_64x8_2x1_v_bz_TNT,nvjet_sm100_tst_128x72_64x8_2x1_v_bz_TNT
102,other_kernel,22024,36.844792,1.672938,1.024,6.016,0;1;2;3;4;5;6;7,compute_position_kernel,compute_position_kernel
103,cutlass_fp8_gemm,6006,36.300737,6.044079,5.504,6.88,0;1;2;3;4;5;6;7,nvjet_sm100_tst_256x72_64x5_2x1_v_bz_TNT,nvjet_sm100_tst_256x72_64x5_2x1_v_bz_TNT
104,flash_attention,8034,33.312253,4.146409,3.872,6.112,0;1;2;3;4;5;6;7,fmhaReductionKernel,"void tensorrt_llm::kernels::fmhaReductionKernel<(int)64, (int)256, (bool)1, __nv_bfloat16, __nv_bfloat16>(KernelParams, bool, bool, bool, int, int, int, int)"
105,elementwise_misc,22024,31.509684,1.430698,0.992,2.912,0;1;2;3;4;5;6;7,vectorized_elementwise_kernel,"void at::native::vectorized_elementwise_kernel<(int)4, at::native::FillFunctor<float>, std::array<char *, (unsigned long)1>>(int, T2, T3)"
106,cutlass_fp8_gemm,4992,31.378852,6.285828,5.76,7.488,0;1;2;3;4;5;6;7,nvjet_sm100_tst_128x96_64x9_2x1_2cta_v_bz_TNT,nvjet_sm100_tst_128x96_64x9_2x1_2cta_v_bz_TNT
107,cutlass_fp8_gemm,4992,31.214197,6.252844,5.696,7.104,0;1;2;3;4;5;6;7,nvjet_sm100_tst_256x96_64x5_2x1_2cta_v_bz_TNT,nvjet_sm100_tst_256x96_64x5_2x1_2cta_v_bz_TNT
108,flash_attention,7488,28.808783,3.847327,3.328,7.872,0;1;2;3;4;5;6;7,fmhaReductionKernel,"void tensorrt_llm::kernels::fmhaReductionKernel<(int)64, (int)128, (bool)1, __nv_bfloat16, __nv_bfloat16>(KernelParams, bool, bool, bool, int, int, int, int)"
109,elementwise_misc,2753,24.219816,8.797608,8.031,10.976,7,reduce_kernel,"void at::native::reduce_kernel<(int)512, (int)1, at::native::ReduceOp<float, at::native::ArgMaxOps<float>, unsigned int, long, (int)4, (int)4>>(T3)"
110,cutlass_fp8_gemm,3120,21.67593,6.947413,6.336,7.744,0;1;2;3;4;5;6;7,nvjet_sm100_tst_256x120_64x4_2x1_v_bz_TNT,nvjet_sm100_tst_256x120_64x4_2x1_v_bz_TNT
111,cutlass_fp8_gemm,3120,20.987399,6.72673,6.08,8.512,0;1;2;3;4;5;6;7,nvjet_sm100_tst_128x120_64x6_2x1_v_bz_TNT,nvjet_sm100_tst_128x120_64x6_2x1_v_bz_TNT
112,quant_rope_norm,7098,18.4338,2.597041,1.888,3.424,0;1;2;3;4;5;6;7,kernel_cutlass_kernel_flashinfernormkernelsrmsnormRMSNormKernel_object_at__tensorptrbf16gmemalign128o204820481_tensorptrbf16gmemalign16o20481_tensorptrbf16gmemalign128o204820481___True_4__0,kernel_cutlass_kernel_flashinfernormkernelsrmsnormRMSNormKernel_object_at__tensorptrbf16gmemalign128o204820481_tensorptrbf16gmemalign16o20481_tensorptrbf16gmemalign128o204820481___True_4__0
113,elementwise_misc,8000,16.732423,2.091553,1.599,8.672,0;1;2;3;4;5;6;7,CatArrayBatchedCopy_contig,"void at::native::<unnamed>::CatArrayBatchedCopy_contig<at::native::<unnamed>::OpaqueType<(unsigned int)8>, unsigned int, (int)1, (int)128, (int)1>(T1 *, at::native::<unnamed>::CatArrInputTensorMetadata<T1, T2, T4, T5>, at::native::<unnamed>::TensorSizeStride<T2, (unsigned int)4>, int, T2)"
114,cutlass_fp8_gemm,4179,16.643264,3.982595,3.584,4.64,0;1;2;3;4;5;6;7,nvjet_sm100_tss_64x8_64x16_1x1_h_bz_splitK_TNT,nvjet_sm100_tss_64x8_64x16_1x1_h_bz_splitK_TNT
115,cutlass_fp8_gemm,2496,16.413045,6.575739,5.952,7.392,0;1;2;3;4;5;6;7,nvjet_sm100_tst_256x112_64x5_2x1_2cta_v_bz_TNT,nvjet_sm100_tst_256x112_64x5_2x1_2cta_v_bz_TNT
116,cutlass_fp8_gemm,2496,16.243332,6.507745,5.92,8.384,0;1;2;3;4;5;6;7,nvjet_sm100_tst_128x112_64x9_2x1_2cta_v_bz_TNT,nvjet_sm100_tst_128x112_64x9_2x1_2cta_v_bz_TNT
117,cutlass_fp8_gemm,1560,16.011166,10.263568,6.72,67.744,0;1;2;3;4;5;6;7,nvjet_sm100_tst_128x176_64x7_2x1_2cta_v_bz_TNT,nvjet_sm100_tst_128x176_64x7_2x1_2cta_v_bz_TNT
118,elementwise_misc,6825,15.56188,2.280129,1.696,2.976,0;1;2;3;4;5;6;7,triton_per_fused_copy_gather_select_sigmoid_slice_sum_3,triton_per_fused_copy_gather_select_sigmoid_slice_sum_3
119,cutlass_fp8_gemm,2262,15.30485,6.76607,6.144,7.52,0;1;2;3;4;5;6;7,nvjet_sm100_tst_256x128_64x5_2x1_2cta_v_bz_TNT,nvjet_sm100_tst_256x128_64x5_2x1_2cta_v_bz_TNT
120,cutlass_fp8_gemm,2262,15.089059,6.670672,6.176,8.032,0;1;2;3;4;5;6;7,nvjet_sm100_tst_128x128_64x8_2x1_2cta_v_bz_TNT,nvjet_sm100_tst_128x128_64x8_2x1_2cta_v_bz_TNT
121,elementwise_misc,5708,14.702478,2.575767,1.28,60.255,0;1;2;3;4;5;6;7,vectorized_gather_kernel,"void at::native::vectorized_gather_kernel<(int)16, long>(char *, char *, T2 *, int, long, long, long, long, bool)"
122,quant_rope_norm,7098,14.144094,1.992687,1.407,2.656,0;1;2;3;4;5;6;7,kernel_cutlass_kernel_flashinfernormkernelsrmsnormRMSNormKernel_object_at__tensorptrbf16gmemalign128o5125121_tensorptrbf16gmemalign16o5121_tensorptrbf16gmemalign128o5125121___True_4_512_0,kernel_cutlass_kernel_flashinfernormkernelsrmsnormRMSNormKernel_object_at__tensorptrbf16gmemalign128o5125121_tensorptrbf16gmemalign16o5121_tensorptrbf16gmemalign128o5125121___True_4_512_0
123,cutlass_fp8_gemm,1950,13.735331,7.043759,6.559,8.288,0;1;2;3;4;5;6;7,nvjet_sm100_tst_256x144_64x5_2x1_2cta_v_bz_TNT,nvjet_sm100_tst_256x144_64x5_2x1_2cta_v_bz_TNT
124,cutlass_fp8_gemm,1950,13.65332,7.001703,6.336,8.832,0;1;2;3;4;5;6;7,nvjet_sm100_tst_128x144_64x8_2x1_2cta_v_bz_TNT,nvjet_sm100_tst_128x144_64x8_2x1_2cta_v_bz_TNT
125,cutlass_fp8_gemm,2025,13.294919,6.565392,6.208,7.2,0;1;2;3;4;5;6;7,nvjet_sm100_tst_64x16_64x16_2x2_2cta_h_bz_splitK_TNT,nvjet_sm100_tst_64x16_64x16_2x2_2cta_h_bz_splitK_TNT
126,elementwise_misc,1752,12.456502,7.109876,6.496,8.288,7,index_elementwise_kernel,"void at::native::index_elementwise_kernel<(int)128, (int)4, void at::native::gpu_index_kernel<void at::native::index_kernel_impl<at::native::OpaqueType<(int)2>>(at::TensorIteratorBase &, c10::ArrayRef<long>, c10::ArrayRef<long>)::[lambda(char *, const char *, long) (instance 1)]>(at::TensorIteratorBase &, c10::ArrayRef<long>, c10::ArrayRef<long>, const T1 &, bool)::[lambda(int) (instance 1)]>(long, T3)"
127,cutlass_fp8_gemm,1482,11.555372,7.797147,6.176,28.192,0;1;2;3;4;5;6;7,nvjet_sm100_tst_128x136_64x6_2x1_v_bz_TNT,nvjet_sm100_tst_128x136_64x6_2x1_v_bz_TNT
128,quant_rope_norm,2753,11.479582,4.169845,3.552,70.367,0,kernel_cutlass_kernel_flashinfernormkernelsrmsnormRMSNormKernel_object_at__tensorptrbf16gmemalign128o614461441_tensorptrbf16gmemalign16o61441_tensorptrbf16gmemalign128o614461441___True_2__0,kernel_cutlass_kernel_flashinfernormkernelsrmsnormRMSNormKernel_object_at__tensorptrbf16gmemalign128o614461441_tensorptrbf16gmemalign16o61441_tensorptrbf16gmemalign128o614461441___True_2__0
129,cutlass_fp8_gemm,3900,11.281319,2.892646,1.696,6.304,0;1;2;3;4;5;6;7,get_group_gemm_starts,"void get_group_gemm_starts<cutlass::float_e4m3_t, cutlass::bfloat16_t, float, cute::Layout<cute::tuple<cute::tuple<cute::C<(int)1>, int>, cute::tuple<cute::C<(int)128>, int>, int>, cute::tuple<cute::tuple<cute::C<(int)0>, int>, cute::tuple<cute::C<(int)0>, cute::C<(int)1>>, int>>, cute::Layout<cute::tuple<cute::tuple<cute::C<(int)128>, int>, cute::tuple<cute::C<(int)128>, int>, int>, cute::tuple<cute::tuple<cute::C<(int)0>, int>, cute::tuple<cute::C<(int)0>, cute::C<(int)1>>, int>>, cutlass::detail::Sm1xxBlockwiseScaleConfig<(int)1, (int)128, (int)128, (cute::UMMA::Major)0, (cute::UMMA::Major)0>>(int *, T1 **, T1 **, T2 **, T3 **, T3 **, T1 *, T1 *, T2 *, T3 *, T3 *, T4 *, T5 *, int *, int *, bool)"
130,quant_rope_norm,2753,10.938256,3.973213,3.776,4.576,7,unrolled_elementwise_kernel,"void at::native::unrolled_elementwise_kernel<at::native::direct_copy_kernel_cuda(at::TensorIteratorBase &)::[lambda() (instance 3)]::operator ()() const::[lambda() (instance 7)]::operator ()() const::[lambda(float) (instance 1)], std::array<char *, (unsigned long)2>, (int)4, TrivialOffsetCalculator<(int)1, unsigned int>, TrivialOffsetCalculator<(int)1, unsigned int>, at::native::memory::LoadWithCast<(int)1>, at::native::memory::StoreWithCast<(int)1>>(int, T1, T2, T4, T5, T6, T7)"
131,cutlass_fp8_gemm,2646,10.751984,4.063486,3.711,4.608,0;1;2;3;4;5;6;7,nvjet_sm100_tss_64x16_64x16_1x1_h_bz_splitK_TNT,nvjet_sm100_tss_64x16_64x16_1x1_h_bz_splitK_TNT
132,cutlass_fp8_gemm,252,10.221874,40.562992,39.488,42.176,0;1;2;3;4;5;6;7,nvjet_sm100_tss_32x128_64x10_1x4_h_bz_TNN,nvjet_sm100_tss_32x128_64x10_1x4_h_bz_TNN
133,cutlass_fp8_gemm,1404,9.648506,6.872155,6.336,7.552,0;1;2;3;4;5;6;7,nvjet_sm100_tst_256x136_64x4_2x1_v_bz_TNT,nvjet_sm100_tst_256x136_64x4_2x1_v_bz_TNT
134,cutlass_fp8_gemm,1170,8.632635,7.378321,6.848,8.448,0;1;2;3;4;5;6;7,nvjet_sm100_tst_256x152_64x4_2x1_v_bz_TNT,nvjet_sm100_tst_256x152_64x4_2x1_v_bz_TNT
135,cutlass_fp8_gemm,546,8.616957,15.781973,7.648,76.383,0;1;2;3;4;5;6;7,nvjet_sm100_tst_256x208_64x4_2x1_2cta_v_bz_TNT,nvjet_sm100_tst_256x208_64x4_2x1_2cta_v_bz_TNT
136,cutlass_fp8_gemm,780,8.551282,10.963182,6.879,46.047,0;1;2;3;4;5;6;7,nvjet_sm100_tst_256x160_64x5_2x1_2cta_v_bz_TNT,nvjet_sm100_tst_256x160_64x5_2x1_2cta_v_bz_TNT
137,cutlass_fp8_gemm,1170,8.332102,7.121455,6.496,8.992,0;1;2;3;4;5;6;7,nvjet_sm100_tst_128x152_64x6_2x1_v_bz_TNT,nvjet_sm100_tst_128x152_64x6_2x1_v_bz_TNT
138,cutlass_fp8_gemm,1014,7.528495,7.424551,6.88,8.256,0;1;2;3;4;5;6;7,nvjet_sm100_tst_256x168_64x3_2x1_v_bz_TNT,nvjet_sm100_tst_256x168_64x3_2x1_v_bz_TNT
139,other_kernel,1560,7.519506,4.820196,2.272,7.424,0;1;2;3;4;5;6;7,set_mla_kv_buffer_kernel,"void <unnamed>::set_mla_kv_buffer_kernel<(long)512, (long)64, (int)8, (bool)1, long>(<unnamed>::SetMlaKVBufferParams)"
140,cutlass_fp8_gemm,936,7.481642,7.993207,7.328,10.207,0;1;2;3;4;5;6;7,nvjet_sm100_tst_128x208_64x7_2x1_2cta_v_bz_TNT,nvjet_sm100_tst_128x208_64x7_2x1_2cta_v_bz_TNT
141,cutlass_fp8_gemm,1275,7.285391,5.714032,5.344,6.208,0;1;2;3;4;5;6;7,nvjet_sm100_tst_64x16_64x16_1x2_h_bz_splitK_TNT,nvjet_sm100_tst_64x16_64x16_1x2_h_bz_splitK_TNT
142,cutlass_fp8_gemm,780,7.072708,9.067574,6.976,19.712,0;1;2;3;4;5;6;7,nvjet_sm100_tst_128x192_64x7_2x1_2cta_v_bz_TNT,nvjet_sm100_tst_128x192_64x7_2x1_2cta_v_bz_TNT
143,cutlass_fp8_gemm,1125,6.211296,5.521152,5.215,6.048,0;1;2;3;4;5;6;7,nvjet_sm100_tst_64x16_64x16_2x4_2cta_h_bz_splitK_TNT,nvjet_sm100_tst_64x16_64x16_2x4_2cta_h_bz_splitK_TNT
144,other_kernel,2753,5.722971,2.078813,1.536,2.816,7,DeviceScanKernel,"void at_cuda_detail::cub::detail::scan::DeviceScanKernel<at_cuda_detail::cub::detail::scan::policy_hub<long, long, long, unsigned int, std::plus<long>>::Policy1000, const long *, long *, at_cuda_detail::cub::ScanTileState<long, (bool)1>, std::plus<long>, at_cuda_detail::cub::NullType, unsigned int, long, (bool)0, at_cuda_detail::cub::NullType>(T2, T3, T4, int, T5, T6, T7)"
145,cutlass_fp8_gemm,309,5.307353,17.1759,7.488,46.463,0;1;2;3;4;5;6;7,nvjet_sm100_tst_128x224_64x7_2x1_2cta_v_bz_TNT,nvjet_sm100_tst_128x224_64x7_2x1_2cta_v_bz_TNT
146,cutlass_fp8_gemm,702,5.087615,7.247315,6.528,8.704,0;1;2;3;4;5;6;7,nvjet_sm100_tst_128x160_64x8_2x1_2cta_v_bz_TNT,nvjet_sm100_tst_128x160_64x8_2x1_2cta_v_bz_TNT
147,cutlass_fp8_gemm,450,4.608483,10.241073,9.952,10.88,0;1;2;3;4;5;6;7,nvjet_sm100_tst_64x8_64x16_2x4_h_bz_TNT,nvjet_sm100_tst_64x8_64x16_2x4_h_bz_TNT
148,other_kernel,2753,4.337347,1.575498,0.991,2.336,7,DeviceScanInitKernel,"void at_cuda_detail::cub::detail::scan::DeviceScanInitKernel<at_cuda_detail::cub::ScanTileState<long, (bool)1>>(T1, int)"
149,cutlass_fp8_gemm,78,4.084442,52.364641,51.199,53.375,0;1;2;3;4;5;6;7,nvjet_sm100_tst_128x272_64x4_2x1_v_bz_TNT,nvjet_sm100_tst_128x272_64x4_2x1_v_bz_TNT
150,cutlass_fp8_gemm,468,3.813187,8.147835,7.584,8.992,0;1;2;3;4;5;6;7,nvjet_sm100_tst_256x200_64x3_2x1_v_bz_TNT,nvjet_sm100_tst_256x200_64x3_2x1_v_bz_TNT
151,cutlass_fp8_gemm,390,3.572582,9.160467,7.456,15.04,0;1;2;3;4;5;6;7,nvjet_sm100_tst_256x184_64x3_2x1_v_bz_TNT,nvjet_sm100_tst_256x184_64x3_2x1_v_bz_TNT
152,cutlass_fp8_gemm,468,3.568398,7.624782,7.008,8.256,0;1;2;3;4;5;6;7,nvjet_sm100_tst_256x176_64x4_2x1_2cta_v_bz_TNT,nvjet_sm100_tst_256x176_64x4_2x1_2cta_v_bz_TNT
153,elementwise_misc,2080,3.46689,1.666774,1.088,2.72,0;1;2;3;4;5;6;7,CatArrayBatchedCopy_vectorized,"void at::native::<unnamed>::CatArrayBatchedCopy_vectorized<at::native::<unnamed>::OpaqueType<(unsigned int)4>, unsigned int, (int)1, (int)128, (int)1, (int)16, (int)4>(char *, at::native::<unnamed>::CatArrInputTensorMetadata<T1, T2, T4, T5>, at::native::<unnamed>::TensorSizeStride<T2, (unsigned int)4>, int, T2)"
154,cutlass_fp8_gemm,450,3.07188,6.8264,6.496,7.264,0;1;2;3;4;5;6;7,nvjet_sm100_tst_64x16_64x16_1x4_h_bz_splitK_TNT,nvjet_sm100_tst_64x16_64x16_1x4_h_bz_splitK_TNT
155,cutlass_fp8_gemm,75,2.86762,38.234933,36.096,39.648,0;1;2;3;4;5;6;7,nvjet_sm100_tst_128x192_64x7_2x2_2cta_h_bz_TNT,nvjet_sm100_tst_128x192_64x7_2x2_2cta_h_bz_TNT
156,cutlass_fp8_gemm,234,2.640975,11.286218,7.808,66.143,0;1;2;3;4;5;6;7,nvjet_sm100_tst_128x240_64x6_2x1_2cta_v_bz_TNT,nvjet_sm100_tst_128x240_64x6_2x1_2cta_v_bz_TNT
157,elementwise_misc,326,2.548491,7.817457,2.592,13.408,0,indexSelectSmallIndex,"void at::native::<unnamed>::indexSelectSmallIndex<c10::BFloat16, long, unsigned int, (int)2, (int)2, (int)-2>(at::cuda::detail::TensorInfo<T1, T3>, at::cuda::detail::TensorInfo<const T1, T3>, at::cuda::detail::TensorInfo<const T2, T3>, int, int, T3, long)"
158,cutlass_fp8_gemm,312,2.45349,7.86375,7.296,8.799,0;1;2;3;4;5;6;7,nvjet_sm100_tst_256x192_64x4_2x1_2cta_v_bz_TNT,nvjet_sm100_tst_256x192_64x4_2x1_2cta_v_bz_TNT
159,cutlass_fp8_gemm,75,2.437459,32.499453,30.496,33.824,0;1;2;3;4;5;6;7,nvjet_sm100_tst_128x160_64x8_2x2_2cta_h_bz_TNT,nvjet_sm100_tst_128x160_64x8_2x2_2cta_h_bz_TNT
160,cutlass_fp8_gemm,450,2.258416,5.018702,4.608,5.568,0;1;2;3;4;5;6;7,nvjet_sm100_tst_64x32_64x16_2x2_2cta_h_bz_splitK_TNT,nvjet_sm100_tst_64x32_64x16_2x2_2cta_h_bz_splitK_TNT
161,cutlass_fp8_gemm,399,1.906733,4.778779,4.16,6.592,0;1;2;3;4;5;6;7,nvjet_sm100_tss_64x16_64x16_1x4_h_bz_splitK_TNT,nvjet_sm100_tss_64x16_64x16_1x4_h_bz_splitK_TNT
162,cutlass_fp8_gemm,78,1.858261,23.823859,21.024,27.327,0;1;2;3;4;5;6;7,nvjet_sm100_tst_128x216_64x4_2x1_v_bz_TNT,nvjet_sm100_tst_128x216_64x4_2x1_v_bz_TNT
163,cutlass_fp8_gemm,78,1.739602,22.30259,20.768,24.704,0;1;2;3;4;5;6;7,nvjet_sm100_tst_128x232_64x4_2x2_h_bz_TNT,nvjet_sm100_tst_128x232_64x4_2x2_h_bz_TNT
164,cutlass_fp8_gemm,300,1.69887,5.6629,5.312,6.08,0;1;2;3;4;5;6;7,nvjet_sm100_tst_64x24_64x16_2x4_h_bz_splitK_TNT,nvjet_sm100_tst_64x24_64x16_2x4_h_bz_splitK_TNT
165,cutlass_fp8_gemm,78,1.481582,18.994641,16.864,23.2,0;1;2;3;4;5;6;7,nvjet_sm100_tst_128x232_64x4_2x1_v_bz_TNT,nvjet_sm100_tst_128x232_64x4_2x1_v_bz_TNT
166,cutlass_fp8_gemm,156,1.315064,8.429897,7.936,9.216,0;1;2;3;4;5;6;7,nvjet_sm100_tst_256x224_64x4_2x1_2cta_v_bz_TNT,nvjet_sm100_tst_256x224_64x4_2x1_2cta_v_bz_TNT
167,cutlass_fp8_gemm,225,1.283477,5.704342,5.28,6.496,0;1;2;3;4;5;6;7,nvjet_sm100_tst_64x32_64x16_2x4_2cta_h_bz_splitK_TNT,nvjet_sm100_tst_64x32_64x16_2x4_2cta_h_bz_splitK_TNT
168,cutlass_fp8_gemm,225,1.258614,5.59384,5.28,6.144,0;1;2;3;4;5;6;7,nvjet_sm100_tst_32x64_64x16_4x2_2cta_h_bz_splitK_TNN,nvjet_sm100_tst_32x64_64x16_4x2_2cta_h_bz_splitK_TNN
169,cutlass_fp8_gemm,150,1.256151,8.37434,6.656,11.136,0;1;2;3;4;5;6;7,nvjet_sm100_tst_32x64_64x16_2x2_2cta_h_bz_splitK_TNN,nvjet_sm100_tst_32x64_64x16_2x2_2cta_h_bz_splitK_TNN
170,cutlass_fp8_gemm,75,1.185905,15.812067,14.4,16.544,0;1;2;3;4;5;6;7,nvjet_sm100_tst_128x64_64x10_2x4_2cta_h_bz_TNT,nvjet_sm100_tst_128x64_64x10_2x4_2cta_h_bz_TNT
171,cutlass_fp8_gemm,78,1.134167,14.540603,12.64,17.023,0;1;2;3;4;5;6;7,nvjet_sm100_tst_256x224_64x4_2x2_2cta_h_bz_TNT,nvjet_sm100_tst_256x224_64x4_2x2_2cta_h_bz_TNT
172,cutlass_fp8_gemm,78,1.087161,13.937962,12.576,16.32,0;1;2;3;4;5;6;7,nvjet_sm100_tst_256x256_64x4_2x2_2cta_h_bz_TNT,nvjet_sm100_tst_256x256_64x4_2x2_2cta_h_bz_TNT
173,cutlass_fp8_gemm,75,1.08223,14.429733,12.352,17.888,0;1;2;3;4;5;6;7,nvjet_sm100_tst_64x112_64x14_2x2_2cta_h_bz_TNT,nvjet_sm100_tst_64x112_64x14_2x2_2cta_h_bz_TNT
174,cutlass_fp8_gemm,75,1.023348,13.64464,12.992,14.112,0;1;2;3;4;5;6;7,nvjet_sm100_tst_128x40_64x10_1x4_h_bz_TNT,nvjet_sm100_tst_128x40_64x10_1x4_h_bz_TNT
175,cutlass_fp8_gemm,78,0.963258,12.349462,10.88,13.568,0;1;2;3;4;5;6;7,nvjet_sm100_tst_128x224_64x7_2x2_2cta_h_bz_TNT,nvjet_sm100_tst_128x224_64x7_2x2_2cta_h_bz_TNT
176,cutlass_fp8_gemm,78,0.942009,12.077038,10.592,14.24,0;1;2;3;4;5;6;7,nvjet_sm100_tst_256x200_64x3_2x2_h_bz_TNT,nvjet_sm100_tst_256x200_64x3_2x2_h_bz_TNT
177,cutlass_fp8_gemm,75,0.898647,11.98196,10.464,13.184,0;1;2;3;4;5;6;7,nvjet_sm100_tst_64x16_64x16_2x4_2cta_h_bz_TNT,nvjet_sm100_tst_64x16_64x16_2x4_2cta_h_bz_TNT
178,cutlass_fp8_gemm,75,0.871226,11.616347,11.04,12.063,0;1;2;3;4;5;6;7,nvjet_sm100_tst_64x80_64x16_2x1_2cta_v_bz_TNT,nvjet_sm100_tst_64x80_64x16_2x1_2cta_v_bz_TNT
179,cutlass_fp8_gemm,150,0.863157,5.75438,5.44,6.144,0;1;2;3;4;5;6;7,nvjet_sm100_tst_64x24_64x16_4x2_h_bz_splitK_TNT,nvjet_sm100_tst_64x24_64x16_4x2_h_bz_splitK_TNT
180,cutlass_fp8_gemm,75,0.862397,11.498627,10.24,13.632,0;1;2;3;4;5;6;7,nvjet_sm100_tst_64x32_64x16_2x1_2cta_v_bz_TNT,nvjet_sm100_tst_64x32_64x16_2x1_2cta_v_bz_TNT
181,cutlass_fp8_gemm,75,0.861563,11.487507,10.304,13.696,0;1;2;3;4;5;6;7,nvjet_sm100_tst_64x32_64x16_2x2_2cta_h_bz_TNT,nvjet_sm100_tst_64x32_64x16_2x2_2cta_h_bz_TNT
182,cutlass_fp8_gemm,84,0.842586,10.030786,6.528,13.408,0;1;2;3;4;5;6;7,nvjet_sm100_tss_32x64_64x16_1x4_h_bz_splitK_TNN,nvjet_sm100_tss_32x64_64x16_1x4_h_bz_splitK_TNN
183,cutlass_fp8_gemm,150,0.838426,5.589507,5.312,6.112,0;1;2;3;4;5;6;7,nvjet_sm100_tst_64x16_64x16_4x2_h_bz_splitK_TNT,nvjet_sm100_tst_64x16_64x16_4x2_h_bz_splitK_TNT
184,cutlass_fp8_gemm,78,0.82838,10.620256,9.6,12.512,0;1;2;3;4;5;6;7,nvjet_sm100_tst_128x200_64x5_2x2_h_bz_TNT,nvjet_sm100_tst_128x200_64x5_2x2_h_bz_TNT
185,cutlass_fp8_gemm,78,0.691803,8.869269,8.16,9.728,0;1;2;3;4;5;6;7,nvjet_sm100_tst_256x232_64x3_2x1_v_bz_TNT,nvjet_sm100_tst_256x232_64x3_2x1_v_bz_TNT
186,cutlass_fp8_gemm,21,0.678264,32.298286,30.944,33.28,0;1;2;3;4;5;6;7,nvjet_sm100_tss_32x64_64x16_1x2_2cta_h_bz_splitK_TNN,nvjet_sm100_tss_32x64_64x16_1x2_2cta_h_bz_splitK_TNN
187,cutlass_fp8_gemm,78,0.668026,8.564436,8.096,9.152,0;1;2;3;4;5;6;7,nvjet_sm100_tst_256x216_64x3_2x1_v_bz_TNT,nvjet_sm100_tst_256x216_64x3_2x1_v_bz_TNT
188,cutlass_fp8_gemm,75,0.62252,8.300267,7.232,9.376,0;1;2;3;4;5;6;7,nvjet_sm100_tst_64x48_64x16_2x2_2cta_h_bz_splitK_TNT,nvjet_sm100_tst_64x48_64x16_2x2_2cta_h_bz_splitK_TNT
189,cutlass_fp8_gemm,78,0.616699,7.906397,7.264,8.576,0;1;2;3;4;5;6;7,nvjet_sm100_tst_128x240_64x4_4x1_v_bz_TNT,nvjet_sm100_tst_128x240_64x4_4x1_v_bz_TNT
190,cutlass_fp8_gemm,21,0.610267,29.060333,27.84,30.016,0;1;2;3;4;5;6;7,nvjet_sm100_tss_64x80_64x12_1x4_h_bz_TNT,nvjet_sm100_tss_64x80_64x12_1x4_h_bz_TNT
191,cutlass_fp8_gemm,126,0.567226,4.501794,3.936,5.184,0;1;2;3;4;5;6;7,nvjet_sm100_tss_64x32_64x16_1x4_h_bz_splitK_TNT,nvjet_sm100_tss_64x32_64x16_1x4_h_bz_splitK_TNT
192,cutlass_fp8_gemm,126,0.532701,4.227786,3.936,4.64,0;1;2;3;4;5;6;7,nvjet_sm100_tss_64x32_64x16_1x2_h_bz_splitK_TNT,nvjet_sm100_tss_64x32_64x16_1x2_h_bz_splitK_TNT
193,cutlass_fp8_gemm,75,0.520763,6.943507,6.72,7.552,0;1;2;3;4;5;6;7,nvjet_sm100_tst_64x32_64x16_2x1_2cta_v_bz_splitK_TNT,nvjet_sm100_tst_64x32_64x16_2x1_2cta_v_bz_splitK_TNT
194,cutlass_fp8_gemm,21,0.449531,21.406238,19.2,23.904,0;1;2;3;4;5;6;7,nvjet_sm100_tss_64x8_64x16_1x2_h_bz_TNT,nvjet_sm100_tss_64x8_64x16_1x2_h_bz_TNT
195,cutlass_fp8_gemm,105,0.427391,4.07039,3.712,4.416,0;1;2;3;4;5;6;7,nvjet_sm100_tss_32x64_64x16_1x1_h_bz_splitK_TNN,nvjet_sm100_tss_32x64_64x16_1x1_h_bz_splitK_TNN
196,cutlass_fp8_gemm,42,0.319358,7.603762,3.68,11.711,0;1;2;3;4;5;6;7,nvjet_sm100_tss_64x8_64x16_1x2_h_bz_splitK_TNT,nvjet_sm100_tss_64x8_64x16_1x2_h_bz_splitK_TNT
197,cutlass_fp8_gemm,21,0.257791,12.275762,11.008,14.112,0;1;2;3;4;5;6;7,nvjet_sm100_tss_64x8_64x16_1x4_h_bz_TNT,nvjet_sm100_tss_64x8_64x16_1x4_h_bz_TNT
198,cutlass_fp8_gemm,21,0.214365,10.207857,8.991,11.36,0;1;2;3;4;5;6;7,nvjet_sm100_tss_64x16_64x16_1x2_h_bz_splitK_TNT,nvjet_sm100_tss_64x16_64x16_1x2_h_bz_splitK_TNT
199,other_kernel,32,0.202653,6.332906,5.728,7.008,0;1;2;3;4;5;6;7,DeviceRadixSortOnesweepKernel,"void at_cuda_detail::cub::detail::radix_sort::DeviceRadixSortOnesweepKernel<at_cuda_detail::cub::detail::radix::policy_hub<int, at_cuda_detail::cub::NullType, unsigned long long>::Policy1000, (at_cuda_detail::cub::SortOrder)0, int, at_cuda_detail::cub::NullType, unsigned long long, int, int, at_cuda_detail::cub::detail::identity_decomposer_t>(T7 *, T7 *, T5 *, const T5 *, T3 *, const T3 *, T4 *, const T4 *, T6, int, int, T8)"
200,other_kernel,8,0.025856,3.232,3.008,3.52,0;1;2;3;4;5;6;7,DeviceRadixSortHistogramKernel,"void at_cuda_detail::cub::detail::radix_sort::DeviceRadixSortHistogramKernel<at_cuda_detail::cub::detail::radix::policy_hub<int, at_cuda_detail::cub::NullType, unsigned long long>::Policy1000, (at_cuda_detail::cub::SortOrder)0, int, unsigned long long, at_cuda_detail::cub::detail::identity_decomposer_t>(T4 *, const T3 *, T4, int, int, T5)"
201,elementwise_misc,8,0.014912,1.864,1.376,2.496,0;1;2;3;4;5;6;7,CatArrayBatchedCopy_alignedK_contig,"void at::native::<unnamed>::CatArrayBatchedCopy_alignedK_contig<at::native::<unnamed>::OpaqueType<(unsigned int)8>, unsigned int, (int)1, (int)128, (int)1, (int)16>(T1 *, at::native::<unnamed>::CatArrInputTensorMetadata<T1, T2, T4, T5>, at::native::<unnamed>::TensorSizeStride<T2, (unsigned int)4>, int, T2)"
202,other_kernel,8,0.014368,1.796,1.408,2.208,0;1;2;3;4;5;6;7,DeviceRadixSortExclusiveSumKernel,"void at_cuda_detail::cub::detail::radix_sort::DeviceRadixSortExclusiveSumKernel<at_cuda_detail::cub::detail::radix::policy_hub<int, at_cuda_detail::cub::NullType, unsigned long long>::Policy1000, unsigned long long>(T2 *)"
